{
    "tft": {
        "hit_rate": 0.6106666666666667,
        "sharpe": 4.437690507179612
    },
    "hmm_garch": {
        "hit_rate": 0.5133333333333333,
        "sharpe": 0.08841199524343897
    },
    "xgboost": {
        "hit_rate": 0.45200000000000007,
        "sharpe": -1.1807877366129629
    },
    "lstm_attn": {
        "hit_rate": 0.5706666666666667,
        "sharpe": 3.2565802253014837
    }
}