{"win_rate": 0.5793103448275863, "payoff_ratio": 0.9551867949292395, "samples_evaluated": 145}