{"win_rate": 0.4827586206896552, "payoff_ratio": 0.5394292712567103, "samples_evaluated": 145}