{"win_rate": 0.45517241379310347, "payoff_ratio": 0.7405929299955956, "samples_evaluated": 145}