{"win_rate": 0.4689655172413793, "payoff_ratio": 0.7428111107162129, "samples_evaluated": 145}