{"win_rate": 0.4206896551724138, "payoff_ratio": 0.8393032906592807, "samples_evaluated": 145}